{"train/total_loss": 26.705310821533203, "train/iou_loss": 4.46168851852417, "train/l1_loss": 0.0, "train/conf_loss": 21.388090133666992, "train/cls_loss": 0.855532169342041, "train/lr": 0.00996887695034236, "train/step": 1459, "_timestamp": 1657518117, "_runtime": 200, "_step": 137, "val/COCOAP50": 0.006319263490628032, "val/COCOAP50_95": 0.0012937811052951824, "train/epoch": 10, "_wandb": {"runtime": 202}}