{"train/total_loss": 64.41014862060547, "train/iou_loss": 4.196863651275635, "train/l1_loss": 0.0, "train/conf_loss": 59.259559631347656, "train/cls_loss": 0.9537274837493896, "train/lr": 0.009927898865204815, "train/step": 3571, "_timestamp": 1657522038, "_runtime": 475, "_step": 337, "val/COCOAP50": 3.070074449305396e-05, "val/COCOAP50_95": 7.211684623611863e-06, "train/epoch": 30, "_wandb": {"runtime": 478}}