{"train/total_loss": 2.0527191162109375, "train/iou_loss": 0.9377393126487732, "train/l1_loss": 0.22755572199821472, "train/conf_loss": 0.5491384267807007, "train/cls_loss": 0.3382857143878937, "train/lr": 1.5625e-05, "train/step": 27985, "_timestamp": 1657289683, "_runtime": 3656, "_step": 2658, "val/COCOAP50": 0.6224290821933869, "val/COCOAP50_95": 0.3280713919095438, "train/epoch": 291}