{"train/total_loss": 7.187243938446045, "train/iou_loss": 2.9447059631347656, "train/l1_loss": 0.0, "train/conf_loss": 2.952246904373169, "train/cls_loss": 1.2902911901474, "train/lr": 0.0001272887624973721, "train/step": 16061, "_timestamp": 1657285931, "_runtime": 1847, "_step": 1521, "val/COCOAP50": 0.2242322619451654, "val/COCOAP50_95": 0.08397410445371034, "train/epoch": 160}