{"train/total_loss": 31.24290657043457, "train/iou_loss": 4.510080337524414, "train/l1_loss": 0.0, "train/conf_loss": 25.98268699645996, "train/cls_loss": 0.7501391172409058, "train/lr": 0.05428781243630509, "train/step": 5991, "_timestamp": 1657521448, "_runtime": 786, "_step": 567, "val/COCOAP50": 0.00010280313461859966, "val/COCOAP50_95": 1.4153928010812714e-05, "train/epoch": 60, "_wandb": {"runtime": 787}}