{"train/total_loss": 10.334969520568848, "train/iou_loss": 3.701887607574463, "train/l1_loss": 0.0, "train/conf_loss": 4.920620918273926, "train/cls_loss": 1.7124602794647217, "train/lr": 0.0003122722803740876, "train/step": 953, "_timestamp": 1657283675, "_runtime": 123, "_step": 90, "val/COCOAP50": 0.009900990099009901, "val/COCOAP50_95": 0.0039603960396039604, "train/epoch": 10, "_wandb": {"runtime": 125}}