{"train/total_loss": 5.740355491638184, "train/iou_loss": 3.1690895557403564, "train/l1_loss": 0.0, "train/conf_loss": 1.8564221858978271, "train/cls_loss": 0.7148439884185791, "train/lr": 0.003980974360292989, "train/step": 16233, "_timestamp": 1657520639, "_runtime": 2136, "_step": 1537, "val/COCOAP50": 0.5610316550883555, "val/COCOAP50_95": 0.275850444057368, "train/epoch": 160}